/index.html    /           301
/products.html /products/  301
/bundles.html  /bundles/   301
/colours.html  /colours/   301
/contact.html  /contact/   301
/events.html   /events/    301
/basket.html   /basket/    301
/reviews.html  /reviews/   301
/custom.html   /custom/    301
/terms.html    /terms/     301
/order/        /basket/    301
/order.html    /basket/    301
